{"cameraMode":{"drawMode":0,"name":"Shaded","section":"Shading Mode"},"sceneLighting":true,"audioPlay":false,"sceneViewState":{"m_AlwaysRefresh":false,"showFog":true,"showSkybox":true,"showFlares":true,"showImageEffects":true,"showParticleSystems":true,"showVisualEffectGraphs":true,"m_FxEnabled":true},"in2DMode":false,"pivot":{"x":178.79808044433595,"y":56.35154724121094,"z":189.46054077148438},"rotation":{"x":-0.05205773562192917,"y":-0.19644559919834138,"z":-0.010372667573392392,"w":0.979123055934906},"size":30.69009780883789,"orthographic":false}