{"cameraMode":{"drawMode":0,"name":"Shaded","section":"Shading Mode"},"sceneLighting":true,"audioPlay":false,"sceneViewState":{"m_AlwaysRefresh":false,"showFog":true,"showSkybox":true,"showFlares":true,"showImageEffects":true,"showParticleSystems":true,"showVisualEffectGraphs":true,"m_FxEnabled":true},"in2DMode":false,"pivot":{"x":246.90206909179688,"y":90.91136169433594,"z":27.224531173706056},"rotation":{"x":0.16414472460746766,"y":-0.8307246565818787,"z":0.3221118748188019,"w":0.42333707213401797},"size":11.713802337646485,"orthographic":true}