{"cameraMode":{"drawMode":0,"name":"Shaded","section":"Shading Mode"},"sceneLighting":true,"audioPlay":false,"sceneViewState":{"m_AlwaysRefresh":false,"showFog":true,"showSkybox":true,"showFlares":true,"showImageEffects":true,"showParticleSystems":true,"showVisualEffectGraphs":true,"m_FxEnabled":true},"in2DMode":false,"pivot":{"x":262.5068664550781,"y":-74.31402587890625,"z":66.81612396240235},"rotation":{"x":0.43403199315071108,"y":0.31520769000053408,"z":-0.16530953347682954,"w":0.8276302814483643},"size":146.84596252441407,"orthographic":false}