{"cameraMode":{"drawMode":0,"name":"Shaded","section":"Shading Mode"},"sceneLighting":true,"audioPlay":false,"sceneViewState":{"m_AlwaysRefresh":false,"showFog":true,"showSkybox":true,"showFlares":true,"showImageEffects":true,"showParticleSystems":true,"showVisualEffectGraphs":true,"m_FxEnabled":true},"in2DMode":false,"pivot":{"x":194.54354858398438,"y":46.19450378417969,"z":150.63339233398438},"rotation":{"x":0.18287013471126557,"y":-0.0014643913600593806,"z":0.0003381147107575089,"w":0.9831805229187012},"size":46.3445930480957,"orthographic":false}