{"cameraMode":{"drawMode":0,"name":"Shaded","section":"Shading Mode"},"sceneLighting":true,"audioPlay":false,"sceneViewState":{"m_AlwaysRefresh":false,"showFog":true,"showSkybox":true,"showFlares":true,"showImageEffects":true,"showParticleSystems":true,"showVisualEffectGraphs":true,"m_FxEnabled":true},"in2DMode":false,"pivot":{"x":169.86044311523438,"y":78.63084411621094,"z":108.44418334960938},"rotation":{"x":0.24060353636741639,"y":0.7295837998390198,"z":-0.31482189893722536,"w":0.5574785470962524},"size":37.084415435791019,"orthographic":false}