{"cameraMode":{"drawMode":0,"name":"Shaded","section":"Shading Mode"},"sceneLighting":true,"audioPlay":true,"sceneViewState":{"m_AlwaysRefresh":false,"showFog":true,"showSkybox":true,"showFlares":true,"showImageEffects":true,"showParticleSystems":true,"showVisualEffectGraphs":true,"m_FxEnabled":true},"in2DMode":false,"pivot":{"x":195.95501708984376,"y":48.18768310546875,"z":193.3441925048828},"rotation":{"x":0.13191503286361695,"y":0.14811508357524873,"z":-0.019935669377446176,"w":0.9800207018852234},"size":20.230093002319337,"orthographic":false}