{"cameraMode":{"drawMode":0,"name":"Shaded","section":"Shading Mode"},"sceneLighting":true,"audioPlay":false,"sceneViewState":{"m_AlwaysRefresh":false,"showFog":true,"showSkybox":true,"showFlares":true,"showImageEffects":true,"showParticleSystems":true,"showVisualEffectGraphs":true,"m_FxEnabled":true},"in2DMode":false,"pivot":{"x":208.99851989746095,"y":47.607051849365237,"z":141.49349975585938},"rotation":{"x":0.04961076378822327,"y":-0.17174483835697175,"z":0.008758718147873879,"w":0.9839114546775818},"size":3.4047157764434816,"orthographic":false}