{"cameraMode":{"drawMode":0,"name":"Shaded","section":"Shading Mode"},"sceneLighting":true,"audioPlay":false,"sceneViewState":{"m_AlwaysRefresh":false,"showFog":true,"showSkybox":true,"showFlares":true,"showImageEffects":true,"showParticleSystems":true,"showVisualEffectGraphs":true,"m_FxEnabled":true},"in2DMode":false,"pivot":{"x":186.79336547851563,"y":299.92120361328127,"z":-73.96487426757813},"rotation":{"x":0.3600890338420868,"y":0.012593856081366539,"z":-0.0048615094274282459,"w":0.9328214526176453},"size":57.13472366333008,"orthographic":true}