{"cameraMode":{"drawMode":0,"name":"Shaded","section":"Shading Mode"},"sceneLighting":true,"audioPlay":false,"sceneViewState":{"m_AlwaysRefresh":false,"showFog":true,"showSkybox":true,"showFlares":true,"showImageEffects":true,"showParticleSystems":true,"showVisualEffectGraphs":true,"m_FxEnabled":true},"in2DMode":false,"pivot":{"x":198.34552001953126,"y":43.707908630371097,"z":161.54086303710938},"rotation":{"x":-0.11166603863239289,"y":-0.5614304542541504,"z":0.07672389596700669,"w":-0.8164054155349731},"size":12.167947769165039,"orthographic":false}