{"cameraMode":{"drawMode":0,"name":"Shaded","section":"Shading Mode"},"sceneLighting":true,"audioPlay":false,"sceneViewState":{"m_AlwaysRefresh":false,"showFog":true,"showSkybox":true,"showFlares":true,"showImageEffects":true,"showParticleSystems":true,"showVisualEffectGraphs":true,"m_FxEnabled":true},"in2DMode":false,"pivot":{"x":201.36672973632813,"y":20.78997230529785,"z":126.37850952148438},"rotation":{"x":0.07528135180473328,"y":0.2572634518146515,"z":-0.020109936594963075,"w":0.9631972908973694},"size":81.66464233398438,"orthographic":false}